discountoffer,total_products,avg_rating,total_reviews
"No Offer",74306,1.11,1163773
"50% OFF",52737,1.71,1459658
"60% OFF",38285,1.96,1373290
"40% OFF",27348,1.81,584962
"20% OFF",25561,0.69,141312
"55% OFF",25154,2,1050298
"30% OFF",22433,1.07,207585
"65% OFF",20850,2.05,684558
"70% OFF",20367,1.77,543289
"45% OFF",15658,2.11,579268
"35% OFF",14800,1.68,269918
"25% OFF",12949,1.13,120089
"10% OFF",10153,1.01,100347
"75% OFF",9060,1.92,234512
"15% OFF",8290,0.96,63712
"78% OFF",6061,0.22,11981
"74% OFF",5464,0.4,19290
"57% OFF",5157,1.64,153897
"67% OFF",5006,1.28,75189
"63% OFF",4916,1.55,138850
"62% OFF",4914,1.74,128873
"68% OFF",4854,0.93,57328
"58% OFF",4751,1.85,174663
"64% OFF",3998,1.73,110908
"59% OFF",3893,1.71,121055
"61% OFF",3811,1.65,125187
"66% OFF",3742,1.49,88487
"80% OFF",3738,0.61,26785
"52% OFF",3248,1.78,100809
"69% OFF",3135,1.05,40300
"5% OFF",3121,1.55,74699
"56% OFF",3032,1.6,93683
"72% OFF",2921,1.05,30459
"53% OFF",2812,2.08,148399
"71% OFF",2796,1.11,35589
"51% OFF",2704,1.43,74934
"73% OFF",2509,1.13,30131
"54% OFF",2154,1.75,64388
"1% OFF",2138,1.77,39242
"47% OFF",2066,1.66,67442
"76% OFF",1865,0.78,13804
"48% OFF",1785,1.95,80689
"70% OFF, Hurry*",1758,3.95,137782
"36% OFF",1682,1.39,22107
"77% OFF",1624,0.85,12410
"31% OFF",1593,1.5,26244
"60% OFF, Hurry*",1569,3.51,141585
"41% OFF",1384,1.29,20864
"42% OFF",1359,1.67,28993
"46% OFF",1280,1.3,22121
"49% OFF",1230,1.43,29177
"12% OFF",1053,0.52,3681
"44% OFF",1028,1.42,21976
"38% OFF",1013,1.64,20145
"43% OFF",946,1.98,31317
"83% OFF",913,0.21,1124
"Rs. 500 OFF",892,0.95,21756
"Rs. 1100 OFF",798,0.99,8910
"37% OFF",757,1.53,15190
"79% OFF",757,1.13,12325
"81% OFF",718,0.77,5511
"29% OFF",713,0.83,6351
"33% OFF",687,1.11,12643
"Rs. 600 OFF",661,1.05,12285
" 60 % OFF",651,4.05,62624
"28% OFF",613,0.7,3547
"39% OFF",593,1.93,17482
"Rs. 700 OFF",591,0.96,5153
"Rs. 300 OFF",584,1.53,19563
"23% OFF",562,0.53,4230
"Rs. 1000 OFF",560,1.11,7175
"Rs. 800 OFF",558,1.17,9181
"Rs. 200 OFF",553,0.91,6490
"34% OFF",538,1.68,12662
"82% OFF",528,0.56,3750
"Rs. 900 OFF",520,0.94,8927
"16% OFF",520,1.4,5403
" 40 % OFF",516,3.47,28469
"21% OFF",514,0.71,2021
"Rs. 100 OFF",497,0.9,3120
"32% OFF",440,1.65,8200
"27% OFF",433,0.88,6920
"Rs. 400 OFF",432,1.19,11789
"Rs. 1200 OFF",419,0.85,4490
"Rs. 1300 OFF",405,1.09,2525
" 50 % OFF",397,2.05,11234
" 45 % OFF",336,3.31,24476
"11% OFF",320,1.09,2130
"26% OFF",303,1.29,5492
"85% OFF",298,0.88,2482
"8% OFF",284,0.67,3608
"24% OFF",242,1.45,4381
"Rs. 1400 OFF",232,1.34,3391
"Rs. 1700 OFF",225,0.39,548
"Rs. 3300 OFF",220,0.25,101
"7% OFF",214,0.94,2214
"Rs. 1250 OFF",212,0.6,1140
"17% OFF",210,1.14,4104
"Rs. 1500 OFF",210,0.75,552
"Rs. 750 OFF",208,0.99,1829
"22% OFF",202,1.82,3125
"Rs. 1600 OFF",194,0.61,1232
"Rs. 3500 OFF",187,0.17,73
"Rs. 550 OFF",185,0.52,1556
"84% OFF",181,0.85,707
"Rs. 650 OFF",172,1.2,2233
"Rs. 250 OFF",170,1.81,3807
"Rs. 450 OFF",170,0.56,1342
"19% OFF",165,1.78,4333
"Rs. 10 OFF",155,1.3,1594
"Rs. 350 OFF",146,1.68,2225
"90% OFF",140,0.13,72
"Rs. 1150 OFF",139,1.16,1572
"3% OFF",138,2.56,4160
"Rs. 850 OFF",138,0.77,704
"Rs. 3000 OFF",138,0.71,198
"Rs. 3200 OFF",134,0.1,14
"14% OFF",132,0.95,2478
"Rs. 150 OFF",128,0.89,872
"13% OFF",116,1.17,1975
"9% OFF",115,2.14,4237
"Rs. 1650 OFF",115,0.15,68
"Rs. 1350 OFF",108,0.59,885
"18% OFF",104,1.6,3530
"4% OFF",98,0.78,1489
"Rs. 33 OFF",98,2.09,1179
"86% OFF",96,0.92,1948
"Rs. 1550 OFF",95,0.27,82
"Rs. 1050 OFF",92,1.71,1463
"Rs. 950 OFF",92,1.02,1505
"Rs. 1750 OFF",92,0.28,138
"Rs. 1800 OFF",91,1.25,572
"2% OFF",83,1.56,1472
"Rs. 2000 OFF",82,1.23,364
"88% OFF",82,0.73,168
"Rs. 249 OFF",80,3.64,5688
"Rs. 1450 OFF",78,0.89,217
"Rs. 3650 OFF",78,0,0
"Rs. 50 OFF",76,2,2177
"Rs. 801 OFF",74,0.7,327
"Rs. 4000 OFF",71,0.05,14
"Rs. 39 OFF",70,1.78,1158
"Rs. 428 OFF",70,1.89,587
"Rs. 1070 OFF",67,0.48,42
"Rs. 1900 OFF",66,2.45,2323
"Rs. 120 OFF",64,0.59,341
"Rs. 203 OFF",64,3.28,1191
"Rs. 201 OFF",58,0.92,640
"Rs. 2800 OFF",55,1.08,270
"Rs. 2600 OFF",54,1.26,309
"Rs. 2400 OFF",49,0.41,169
"Rs. 198 OFF",46,0.89,69
"87% OFF",45,0.71,123
"Rs. 1099 OFF",45,0.93,90
"Rs. 49 OFF",44,1.71,577
"Rs. 2200 OFF",43,2.11,1250
" 47 % OFF",43,3.26,1329
"Rs. 2300 OFF",43,1.29,315
"Rs. 110 OFF",41,3.33,739
"Rs. 40 OFF",40,2.35,1226
"Rs. 180 OFF",40,0.12,7
"Rs. 430 OFF",40,0,0
"Rs. 108 OFF",39,1.9,650
"Rs. 301 OFF",39,1.47,194
"Rs. 2700 OFF",38,0.69,580
"Rs. 20 OFF",38,3.12,265
"Rs. 3141 OFF",38,0,0
"Rs. 102 OFF",37,0.9,133
"Rs. 1950 OFF",37,0.65,67
"Rs. 470 OFF",36,0.66,148
"6% OFF",36,0.66,47
"Rs. 740 OFF",35,1.27,310
"Rs. 554 OFF",35,0.36,15
"Rs. 660 OFF",34,0,0
"Rs. 670 OFF",33,1.65,284
" 48 % OFF",33,2.19,319
"89% OFF",32,0,0
"Rs. 1031 OFF",31,4.08,854
"Rs. 101 OFF",30,1.72,381
"Rs. 999 OFF",30,0.41,57
"Rs. 4700 OFF",30,0.15,11
"Rs. 366 OFF",30,0,0
"Rs. 35 OFF",29,1.96,894
"Rs. 98 OFF",29,2.93,945
"Rs. 270 OFF",29,2.94,2717
"Rs. 280 OFF",29,1.15,411
"Rs. 29 OFF",29,2.06,200
"Rs. 1850 OFF",29,0.56,39
"Rs. 213 OFF",28,1.96,401
"Rs. 320 OFF",28,2.55,987
"Rs. 2050 OFF",28,2.45,404
"Rs. 89 OFF",27,1.81,1142
" 44 % OFF",27,3.45,971
"Rs. 276 OFF",27,1.32,173
"Rs. 709 OFF",27,0.43,20
"Rs. 901 OFF",27,0.27,13
"Rs. 2350 OFF",26,1.29,117
"Rs. 2150 OFF",25,2.1,404
"Rs. 251 OFF",25,1.53,155
"Rs. 99 OFF",25,0,0
" 46 % OFF",24,2.21,1010
" 43 % OFF",24,2.33,3711
"Rs. 133 OFF",24,3.59,1096
"Rs. 1301 OFF",24,1.45,188
"Rs. 30 OFF",24,0.51,138
"Rs. 620 OFF",24,1.48,135
"Rs. 21 OFF",24,2.87,151
"Rs. 701 OFF",24,1.06,55
"Rs. 451 OFF",24,0.75,17
"Rs. 55 OFF",23,0.77,164
"Rs. 710 OFF",23,0.37,49
"Rs. 1165 OFF",23,2.23,162
"Rs. 259 OFF",22,1.77,370
"57% OFF, Hurry*",22,3.87,1084
"Rs. 2250 OFF",22,1.31,109
"Rs. 567 OFF",22,2.6,126
"Rs. 361 OFF",22,0.23,6
"Rs. 970 OFF",22,0,0
"Rs. 3350 OFF",22,0,0
"Rs. 158 OFF",21,2.3,427
"Rs. 580 OFF",21,2.33,163
"Rs. 2100 OFF",21,0.88,40
"Rs. 776 OFF",20,4.08,1313
"Rs. 351 OFF",20,2.45,380
"Rs. 220 OFF",20,1.63,129
"Rs. 1201 OFF",20,1.9,213
"Rs. 326 OFF",20,0,0
"Rs. 1131 OFF",19,3.83,568
"Rs. 422 OFF",19,1.76,182
"Rs. 3400 OFF",19,0.39,85
"Rs. 501 OFF",19,1.56,160
"Rs. 401 OFF",19,1.59,145
"Rs. 874 OFF",19,1.01,46
"Rs. 230 OFF",19,1.48,36
"Rs. 1030 OFF",19,1.95,74
"Rs. 5000 OFF",19,0,0
"Rs. 123 OFF",18,0.22,663
"Rs. 560 OFF",18,1.66,1479
" 42 % OFF",18,3.07,558
"Rs. 2750 OFF",18,0.24,99
"Rs. 260 OFF",18,1.65,118
"Rs. 760 OFF",18,1.32,98
" 41 % OFF",18,1.08,79
"Rs. 899 OFF",18,0.63,34
"Rs. 649 OFF",18,0,0
"Rs. 1910 OFF",17,2.39,668
"Rs. 330 OFF",17,2.53,117
"Rs. 290 OFF",17,2.29,173
"Rs. 1299 OFF",17,0.25,18
"Rs. 199 OFF",17,0,0
"Rs. 2500 OFF",16,1,586
"Rs. 173 OFF",16,2.89,675
"Rs. 370 OFF",16,2.12,263
"Rs. 699 OFF",16,2.28,545
"Rs. 8196 OFF",16,0.57,145
"Rs. 799 OFF",16,2.58,116
"Rs. 1440 OFF",16,1.89,81
"Rs. 1530 OFF",16,2.08,77
"Rs. 1661 OFF",16,0.43,13
"Rs. 4100 OFF",16,0,0
"Rs. 2230 OFF",16,0,0
"Rs. 140 OFF",15,4.27,2786
"Rs. 78 OFF",15,3.09,2090
"Rs. 44 OFF",15,2.86,710
"Rs. 880 OFF",15,1.78,134
"Rs. 1496 OFF",15,2.32,94
"Rs. 1096 OFF",15,1.59,68
"Rs. 1060 OFF",15,0.77,35
"Rs. 1151 OFF",15,0.21,10
"Rs. 1095 OFF",15,1.2,17
"Rs. 1184 OFF",15,0,0
"Rs. 171 OFF",15,0,0
"Rs. 391 OFF",15,0,0
"Rs. 2751 OFF",14,3.86,1048
"Rs. 4200 OFF",14,0.86,516
"Rs. 520 OFF",14,2.7,875
"53% OFF, Hurry*",14,4.41,832
"Rs. 981 OFF",14,3.53,581
"Rs. 418 OFF",14,4.38,1175
"Rs. 599 OFF",14,3.41,251
"Rs. 2441 OFF",14,0.29,17
"Rs. 1520 OFF",14,1.5,40
"Rs. 1349 OFF",14,0.67,8
"Rs. 5500 OFF",14,0,0
"Rs. 639 OFF",14,0,0
"Rs. 60 OFF",13,3.26,698
"Rs. 83 OFF",13,3.15,691
"Rs. 19 OFF",13,1.35,573
"Rs. 3070 OFF",13,1.69,156
"Rs. 128 OFF",13,0.61,120
"Rs. 265 OFF",13,2.35,336
"Rs. 206 OFF",13,0.89,41
"Rs. 1149 OFF",13,0.64,31
"Rs. 1726 OFF",13,3.17,88
"Rs. 112 OFF",13,1.75,40
"Rs. 601 OFF",13,0.68,16
"Rs. 76 OFF",13,0.75,8
"Rs. 9001 OFF",13,0.64,7
"Rs. 1649 OFF",13,0,0
"Rs. 1219 OFF",13,0,0
"Rs. 1916 OFF",13,0,0
"Rs. 510 OFF",12,2.49,1551
"Rs. 480 OFF",12,1.72,182
"Rs. 51 OFF",12,3.97,284
"Rs. 1376 OFF",12,2.99,299
"Rs. 1296 OFF",12,1.02,73
"Rs. 405 OFF",12,1.1,73
"Rs. 830 OFF",12,0.72,36
"Rs. 680 OFF",12,2.9,113
"Rs. 535 OFF",12,1.05,53
"Rs. 79 OFF",12,0.77,20
"Rs. 399 OFF",12,0.75,12
"Rs. 458 OFF",12,2.88,62
"Rs. 910 OFF",12,0.33,11
"Rs. 1405 OFF",12,0.69,11
"Rs. 3749 OFF",12,0,0
"Rs. 3610 OFF",12,0,0
"Rs. 499 OFF",11,2.41,740
"Rs. 130 OFF",11,3.55,1044
"Rs. 72 OFF",11,2.2,966
"Rs. 751 OFF",11,0.99,77
"Rs. 126 OFF",11,2.79,110
"Rs. 495 OFF",11,3.39,128
"Rs. 640 OFF",11,1.95,55
"Rs. 71 OFF",11,0.88,19
"Rs. 1494 OFF",11,0.8,14
"Rs. 12100 OFF",11,1.95,37
"Rs. 7001 OFF",11,0.8,12
"Rs. 3101 OFF",11,1.55,13
"Rs. 4900 OFF",11,0.8,8
"Rs. 549 OFF",11,1.64,0
"Rs. 2900 OFF",11,0,0
"Rs. 5051 OFF",11,0,0
"Rs. 2940 OFF",11,0,0
"Rs. 80 OFF",10,2.21,891
"Rs. 6001 OFF",10,2.02,340
"Rs. 1980 OFF",10,2.68,350
"Rs. 90 OFF",10,3.73,585
"Rs. 170 OFF",10,2.06,566
"Rs. 840 OFF",10,2.97,327
"Rs. 929 OFF",10,3.9,468
"Rs. 460 OFF",10,2.93,238
"Rs. 1310 OFF",10,2.56,306
"Rs. 1657 OFF",10,2.9,134
"Rs. 696 OFF",10,2.03,60
"Rs. 420 OFF",10,1.93,80
"Rs. 1006 OFF",10,2.71,131
"Rs. 340 OFF",10,2.55,65
"Rs. 849 OFF",10,1.62,42
"Rs. 1345 OFF",10,1.36,40
"Rs. 1020 OFF",10,1.29,34
"Rs. 310 OFF",10,1.41,24
"Rs. 1570 OFF",10,0.48,9
"Rs. 3700 OFF",10,0.9,14
"Rs. 1209 OFF",10,1.35,18
"Rs. 2066 OFF",10,0.47,7
"Rs. 3201 OFF",10,1,4
"Rs. 13650 OFF",10,0,0
"Rs. 2005 OFF",10,0,0
"Rs. 1119 OFF",9,3.52,1443
"Rs. 91 OFF",9,2.5,262
"Rs. 160 OFF",9,2.33,125
"Rs. 1409 OFF",9,2.68,252
"Rs. 1801 OFF",9,2.26,157
"Rs. 1541 OFF",9,3.38,73
"Rs. 570 OFF",9,0.94,45
"Rs. 319 OFF",9,1.31,55
"Rs. 1175 OFF",9,1.28,25
"Rs. 241 OFF",9,0.46,15
"Rs. 865 OFF",9,2.41,44
"Rs. 746 OFF",9,1.41,36
"Rs. 945 OFF",9,0.51,13
"Rs. 1049 OFF",9,0.84,20
"Rs. 540 OFF",9,1.3,20
"Rs. 2739 OFF",9,0.91,9
"Rs. 1010 OFF",9,0.42,5
"Rs. 131 OFF",9,0.56,3
"Rs. 1154 OFF",9,0.44,2
"Rs. 1290 OFF",9,0,0
"Rs. 1575 OFF",9,0,0
"Rs. 571 OFF",9,0,0
"Rs. 498 OFF",9,0,0
"Rs. 1341 OFF",9,0,0
"Rs. 2141 OFF",9,0,0
"Rs. 2325 OFF",9,0,0
"Rs. 3100 OFF",9,0,0
"Rs. 3202 OFF",9,0,0
"Rs. 725 OFF",9,0,0
"Rs. 1401 OFF",8,2.38,795
"Rs. 138 OFF",8,1.71,410
"Rs. 246 OFF",8,3.15,375
"Rs. 1143 OFF",8,2.01,267
"Rs. 1324 OFF",8,2.5,312
"Rs. 770 OFF",8,3.05,154
"Rs. 803 OFF",8,4.05,192
"Rs. 54 OFF",8,3.09,79
"Rs. 553 OFF",8,2.72,91
"Rs. 240 OFF",8,3.41,96
"Rs. 551 OFF",8,1.72,52
"Rs. 846 OFF",8,1.06,36
"Rs. 296 OFF",8,1.56,41
"Rs. 118 OFF",8,3.16,81
"Rs. 1110 OFF",8,0.57,13
"Rs. 835 OFF",8,1.1,14
"Rs. 369 OFF",8,1.39,26
"Rs. 651 OFF",8,0.91,16
"Rs. 329 OFF",8,1.1,11
"Rs. 396 OFF",8,0.62,9
"Rs. 3800 OFF",8,0.56,8
"Rs. 14447 OFF",8,0.5,6
"Rs. 1710 OFF",8,0,0
"Rs. 324 OFF",8,0,0
"Rs. 1199 OFF",8,0,0
"Rs. 281 OFF",8,0,0
"Rs. 447 OFF",8,0,0
"Rs. 81 OFF",7,2.49,1000
"67% OFF, Hurry*",7,3.99,535
"Rs. 75 OFF",7,0.61,293
"Rs. 1078 OFF",7,4.14,717
"Rs. 1225 OFF",7,3.34,218
"Rs. 244 OFF",7,2.84,102
"Rs. 1205 OFF",7,2.2,131
"Rs. 749 OFF",7,1.14,49
"Rs. 10296 OFF",7,1.19,57
"Rs. 393 OFF",7,4.34,165
"Rs. 796 OFF",7,2.73,67
"Rs. 325 OFF",7,4.16,77
"Rs. 765 OFF",7,2.94,55
"Rs. 531 OFF",7,0.7,7
"Rs. 1273 OFF",7,1.16,11
"Rs. 151 OFF",7,1.14,12
"Rs. 1387 OFF",7,0.54,6
"Rs. 9100 OFF",7,1.21,8
"Rs. 6200 OFF",7,0.6,6
"Rs. 1171 OFF",7,0.6,5
"Rs. 1816 OFF",7,0.6,5
"Rs. 1320 OFF",7,0.63,5
"Rs. 266 OFF",7,0.69,5
"Rs. 1111 OFF",7,0.47,3
"Rs. 896 OFF",7,0.36,2
"Rs. 2410 OFF",7,0.64,2
"Rs. 980 OFF",7,0,0
"Rs. 1358 OFF",7,0,0
"Rs. 18000 OFF",7,0,0
"Rs. 92 OFF",7,0,0
"Rs. 1960 OFF",7,0,0
"Rs. 2140 OFF",7,0,0
"Rs. 1699 OFF",7,0,0
"Rs. 2270 OFF",7,0,0
"Rs. 41 OFF",7,0,0
"Rs. 429 OFF",7,0,0
"Rs. 975 OFF",6,4.12,831
"Rs. 1305 OFF",6,3.57,1934
"Rs. 1605 OFF",6,1.87,479
"Rs. 1158 OFF",6,4.27,393
"Rs. 836 OFF",6,2.2,549
"Rs. 25 OFF",6,4.23,388
"Rs. 15196 OFF",6,1.53,123
"Rs. 5298 OFF",6,2.77,188
"Rs. 1196 OFF",6,2.5,138
"Rs. 176 OFF",6,2.5,151
"Rs. 341 OFF",6,3.62,212
"Rs. 1515 OFF",6,1.4,63
"Rs. 3799 OFF",6,4.08,149
"Rs. 951 OFF",6,2.22,79
"Rs. 31 OFF",6,3.55,130
"Rs. 475 OFF",6,1.3,52
"Rs. 4001 OFF",6,3.43,80
"Rs. 1004 OFF",6,3.37,85
"Rs. 343 OFF",6,1.03,35
"Rs. 410 OFF",6,0.7,22
"Rs. 811 OFF",6,1.18,25
"Rs. 1740 OFF",6,4.13,64
"Rs. 780 OFF",6,0.72,17
"Rs. 615 OFF",6,1.97,37
"Rs. 2801 OFF",6,0.52,15
"Rs. 14 OFF",6,1.87,35
"Rs. 380 OFF",6,2.03,13
"Rs. 119 OFF",6,1.6,16
"Rs. 996 OFF",6,0.63,10
"Rs. 288 OFF",6,3.37,36
"Rs. 1914 OFF",6,3.3,32
"Rs. 1291 OFF",6,2.03,13
"Rs. 3020 OFF",6,0.78,6
"Rs. 923 OFF",6,0.62,6
"Rs. 354 OFF",6,0.55,6
"Rs. 114 OFF",6,1.3,8
"Rs. 1499 OFF",6,0.83,2
"Rs. 1436 OFF",6,0.17,1
"Rs. 1654 OFF",6,0,0
"Rs. 1466 OFF",6,0,0
"Rs. 2550 OFF",6,0,0
"Rs. 997 OFF",6,0,0
"Rs. 9400 OFF",6,0,0
"Rs. 1680 OFF",6,0,0
"Rs. 16001 OFF",6,0,0
"Rs. 14501 OFF",6,0,0
"Rs. 1791 OFF",6,0,0
"Rs. 1920 OFF",6,0,0
"Rs. 2501 OFF",6,0,0
"Rs. 2349 OFF",6,0,0
"Rs. 416 OFF",6,0,0
"Rs. 962 OFF",6,0,0
"Rs. 3730 OFF",6,0,0
"Rs. 82 OFF",5,3.98,1705
"Rs. 9 OFF",5,4.28,1474
"Rs. 424 OFF",5,2.58,414
"Rs. 627 OFF",5,4.44,698
"Rs. 2001 OFF",5,1.56,142
"Rs. 2610 OFF",5,0.88,130
"Rs. 47 OFF",5,4.28,389
"63% OFF, Hurry*",5,3.24,191
"Rs. 490 OFF",5,3.3,133
"Rs. 455 OFF",5,3.4,216
"Rs. 1501 OFF",5,2.26,127
"Rs. 2450 OFF",5,1.8,74
"Rs. 960 OFF",5,1.44,68
"Rs. 1701 OFF",5,2.26,85
"Rs. 349 OFF",5,1.52,58
"Rs. 860 OFF",5,2.6,82
"Rs. 2734 OFF",5,2.62,37
"Rs. 268 OFF",5,1.52,30
"Rs. 295 OFF",5,3.14,48
"Rs. 1404 OFF",5,3.88,73
"Rs. 1159 OFF",5,2.42,51
"Rs. 431 OFF",5,1.66,32
"Rs. 175 OFF",5,3.16,67
"Rs. 730 OFF",5,2.6,44
"Rs. 103 OFF",5,3.78,44
"Rs. 930 OFF",5,0.62,17
"Rs. 1720 OFF",5,1.8,23
"Rs. 359 OFF",5,2.42,27
"Rs. 6000 OFF",5,0.92,13
"Rs. 1015 OFF",5,1.48,22
"Rs. 228 OFF",5,1.66,19
"Rs. 425 OFF",5,1.44,18
"Rs. 2060 OFF",5,1.58,17
"Rs. 924 OFF",5,1.5,11
"Rs. 1399 OFF",5,0.66,8
"Rs. 1314 OFF",5,1.48,14
"Rs. 1674 OFF",5,1.8,15
"Rs. 1120 OFF",5,0.98,7
"Rs. 2740 OFF",5,0.88,7
"Rs. 6101 OFF",5,0.66,7
"Rs. 1280 OFF",5,0.92,7
"Rs. 1270 OFF",5,0.94,7
"Rs. 148 OFF",5,1.74,11
"Rs. 1249 OFF",5,0.84,6
"Rs. 1371 OFF",5,1.26,7
"Rs. 1059 OFF",5,0.76,5
"Rs. 134 OFF",5,0.96,5
"Rs. 8496 OFF",5,1.94,7
"Rs. 810 OFF",5,1,3
"Rs. 2631 OFF",5,0.6,2
"Rs. 748 OFF",5,0.2,2
"Rs. 1220 OFF",5,0,0
"Rs. 1084 OFF",5,0,0
"Rs. 720 OFF",5,0,0
"Rs. 521 OFF",5,0,0
"Rs. 481 OFF",5,0,0
"Rs. 1645 OFF",5,0,0
"Rs. 4920 OFF",5,0,0
"Rs. 4800 OFF",5,0,0
"Rs. 683 OFF",5,0,0
"Rs. 4240 OFF",5,0,0
"Rs. 11500 OFF",5,0,0
"Rs. 10501 OFF",5,0,0
"Rs. 1080 OFF",5,0,0
"Rs. 2405 OFF",5,0,0
"Rs. 4600 OFF",5,0,0
"Rs. 3204 OFF",5,0,0
"Rs. 3010 OFF",5,0,0
"Rs. 3810 OFF",5,0,0
"Rs. 542 OFF",5,0,0
"Rs. 403 OFF",5,0,0
"Rs. 825 OFF",5,0,0
"Rs. 1420 OFF",5,0,0
"Rs. 1567 OFF",5,0,0
"Rs. 2790 OFF",5,0,0
"Rs. 6 OFF",4,4.15,1020
"Rs. 122 OFF",4,4.05,945
"Rs. 1406 OFF",4,2.68,443
"Rs. 37 OFF",4,4.3,481
"Rs. 575 OFF",4,2.1,190
"Rs. 894 OFF",4,2.12,145
"Rs. 1124 OFF",4,1.02,99
"Rs. 7501 OFF",4,3.22,129
"Rs. 168 OFF",4,1.98,128
"Rs. 816 OFF",4,0.82,71
"Rs. 1830 OFF",4,2.08,70
"Rs. 630 OFF",4,1.15,54
"Rs. 6900 OFF",4,1.2,45
"Rs. 2950 OFF",4,1.95,65
"Rs. 802 OFF",4,3.05,55
"Rs. 225 OFF",4,2.2,41
"Rs. 1269 OFF",4,2.68,64
"Rs. 949 OFF",4,2.08,32
"Rs. 881 OFF",4,3.12,42
"Rs. 305 OFF",4,2.9,50
"Rs. 1081 OFF",4,3.42,53
"Rs. 3240 OFF",4,2.2,27
"Rs. 2850 OFF",4,1,18
"Rs. 919 OFF",4,2.25,26
"Rs. 712 OFF",4,1.02,16
"Rs. 969 OFF",4,4.03,40
"Rs. 1009 OFF",4,2.28,19
"Rs. 1085 OFF",4,3.78,37
"Rs. 6301 OFF",4,2.15,21
"Rs. 870 OFF",4,0.95,14
"Rs. 1599 OFF",4,1.12,13
"Rs. 6100 OFF",4,0.75,13
"Rs. 346 OFF",4,3.37,26
"Rs. 819 OFF",4,2.1,16
"Rs. 1194 OFF",4,3.05,20
"Rs. 1319 OFF",4,2.82,23
"Rs. 2110 OFF",4,1.18,10
"Rs. 813 OFF",4,1.98,16
"Rs. 1267 OFF",4,2.95,21
"Rs. 2170 OFF",4,2.22,18
"Rs. 2210 OFF",4,3.6,25
"Rs. 8001 OFF",4,1.02,9
"Rs. 1990 OFF",4,4.3,23
"Rs. 5100 OFF",4,2.28,14
"Rs. 1459 OFF",4,2,13
"Rs. 1799 OFF",4,2.77,14
"Rs. 1696 OFF",4,0.9,7
"Rs. 1130 OFF",4,1.8,12
"Rs. 820 OFF",4,1.25,6
"Rs. 389 OFF",4,3.48,17
"Rs. 3060 OFF",4,0.7,6
"Rs. 589 OFF",4,4.35,6
"Rs. 1134 OFF",4,3.53,20
"Rs. 3550 OFF",4,1.12,6
"Rs. 1560 OFF",4,1.98,8
"Rs. 1671 OFF",4,1.88,7
"Rs. 15100 OFF",4,0.7,5
"Rs. 2010 OFF",4,1.2,4
"Rs. 1001 OFF",4,2.8,3
"Rs. 1229 OFF",4,0.92,3
"Rs. 3140 OFF",4,2.17,5
"Rs. 774 OFF",4,1.12,2
"Rs. 1974 OFF",4,2.25,4
"Rs. 3450 OFF",4,0,0
"Rs. 1413 OFF",4,0,0
"Rs. 1568 OFF",4,0,0
"Rs. 1255 OFF",4,0,0
"Rs. 323 OFF",4,0,0
"Rs. 1558 OFF",4,0,0
"Rs. 1446 OFF",4,0,0
"Rs. 5400 OFF",4,0,0
"Rs. 236 OFF",4,0,0
"Rs. 398 OFF",4,0,0
"Rs. 956 OFF",4,0,0
"Rs. 1019 OFF",4,0,0
"Rs. 1098 OFF",4,0,0
"Rs. 1421 OFF",4,0,0
"Rs. 2241 OFF",4,0,0
"Rs. 3260 OFF",4,0,0
"Rs. 9500 OFF",4,0,0
"Rs. 8500 OFF",4,0,0
"Rs. 14592 OFF",4,0,0
"Rs. 1309 OFF",4,0,0
"Rs. 1580 OFF",4,0,0
"Rs. 1924 OFF",4,0,0
"Rs. 3049 OFF",4,0,0
"Rs. 3301 OFF",4,0,0
"Rs. 3850 OFF",4,0,0
"Rs. 3600 OFF",4,0,0
"Rs. 3310 OFF",4,0,0
"Rs. 690 OFF",4,0,0
"Rs. 1659 OFF",4,0,0
"Rs. 1688 OFF",4,0,0
"Rs. 1925 OFF",4,0,0
"Rs. 363 OFF",4,0,0
"Rs. 625 OFF",4,0,0
"Rs. 1325 OFF",4,0,0
"Rs. 1331 OFF",3,4.17,518
"Rs. 196 OFF",3,4.27,486
"Rs. 189 OFF",3,4.2,311
"Rs. 58 OFF",3,4.5,262
"Rs. 1380 OFF",3,4.33,310
"Rs. 1169 OFF",3,4.17,324
"Rs. 1393 OFF",3,3.53,246
"Rs. 978 OFF",3,4.27,291
"Rs. 1673 OFF",3,3.93,271
"Rs. 67 OFF",3,4.37,254
"Rs. 1795 OFF",3,3.9,137
"Rs. 785 OFF",3,4.23,136
"Rs. 106 OFF",3,4.53,125
"Rs. 105 OFF",3,2.73,144
"Rs. 85 OFF",3,4.3,176
"Rs. 714 OFF",3,1.37,64
"Rs. 1352 OFF",3,4.3,79
" 49 % OFF",3,2.63,54
"Rs. 1831 OFF",3,2.1,70
"Rs. 15551 OFF",3,4.27,76
"Rs. 3401 OFF",3,2.53,37
"Rs. 3050 OFF",3,2.93,40
"Rs. 1849 OFF",3,1.47,30
"Rs. 1164 OFF",3,2.8,38
"Rs. 2540 OFF",3,1.23,29
"Rs. 698 OFF",3,1.5,24
"Rs. 1036 OFF",3,1.27,20
"Rs. 626 OFF",3,2.5,23
"Rs. 719 OFF",3,1.6,19
"Rs. 226 OFF",3,2.33,34
"Rs. 476 OFF",3,4.37,35
"Rs. 1540 OFF",3,1.2,16
"Rs. 1082 OFF",3,2.83,27
"Rs. 532 OFF",3,3.83,30
"Rs. 985 OFF",3,1.57,15
"Rs. 1590 OFF",3,3.03,19
"Rs. 2496 OFF",3,4.33,21
"Rs. 1355 OFF",3,2.83,20
"Rs. 1770 OFF",3,2.83,15
"Rs. 1005 OFF",3,2.77,19
"Rs. 778 OFF",3,2.8,13
"Rs. 1870 OFF",3,4.2,14
"Rs. 1193 OFF",3,1.43,7
"Rs. 666 OFF",3,1.43,7
"Rs. 905 OFF",3,1.2,7
"Rs. 1690 OFF",3,1.2,7
"Rs. 1053 OFF",3,2.93,11
"Rs. 1055 OFF",3,1.5,6
"Rs. 562 OFF",3,3.27,11
"Rs. 504 OFF",3,1.57,6
"Rs. 1236 OFF",3,1.43,6
"Rs. 3360 OFF",3,1.13,5
"Rs. 1173 OFF",3,2.4,10
"Rs. 1379 OFF",3,1.53,5
"Rs. 2160 OFF",3,1.6,5
"Rs. 695 OFF",3,1.4,5
"Rs. 1385 OFF",3,1.53,5
"Rs. 1999 OFF",3,1.27,5
"Rs. 2680 OFF",3,1.2,5
"Rs. 537 OFF",3,1.43,4
"Rs. 1235 OFF",3,1.43,3
"Rs. 2699 OFF",3,1.57,3
"Rs. 5501 OFF",3,0.9,3
"Rs. 390 OFF",3,1,2
"Rs. 1104 OFF",3,1.67,2
"Rs. 1467 OFF",3,0.67,2
"Rs. 2601 OFF",3,0,0
"Rs. 619 OFF",3,0,0
"Rs. 309 OFF",3,0,0
"Rs. 1252 OFF",3,0,0
"Rs. 1294 OFF",3,0,0
"Rs. 1065 OFF",3,0,0
"Rs. 826 OFF",3,0,0
"Rs. 18100 OFF",3,0,0
"Rs. 609 OFF",3,0,0
"Rs. 1046 OFF",3,0,0
"Rs. 364 OFF",3,0,0
"Rs. 995 OFF",3,0,0
"Rs. 1138 OFF",3,0,0
"Rs. 1374 OFF",3,0,0
"Rs. 1414 OFF",3,0,0
"Rs. 1766 OFF",3,0,0
"Rs. 1706 OFF",3,0,0
"Rs. 2180 OFF",3,0,0
"Rs. 3970 OFF",3,0,0
"Rs. 4340 OFF",3,0,0
"Rs. 994 OFF",3,0,0
"Rs. 11925 OFF",3,0,0
"Rs. 12650 OFF",3,0,0
"Rs. 14375 OFF",3,0,0
"Rs. 1318 OFF",3,0,0
"Rs. 1230 OFF",3,0,0
"Rs. 12500 OFF",3,0,0
"Rs. 1911 OFF",3,0,0
"Rs. 2719 OFF",3,0,0
"Rs. 2406 OFF",3,0,0
"Rs. 2650 OFF",3,0,0
"Rs. 3599 OFF",3,0,0
"Rs. 2749 OFF",3,0,0
"Rs. 3649 OFF",3,0,0
"Rs. 2534 OFF",3,0,0
"Rs. 3299 OFF",3,0,0
"Rs. 5050 OFF",3,0,0
"Rs. 3930 OFF",3,0,0
"Rs. 7306 OFF",3,0,0
"Rs. 661 OFF",3,0,0
"Rs. 1021 OFF",3,0,0
"Rs. 211 OFF",3,0,0
"Rs. 503 OFF",3,0,0
"Rs. 573 OFF",3,0,0
"Rs. 610 OFF",3,0,0
"Rs. 1089 OFF",3,0,0
"Rs. 438 OFF",3,0,0
"Rs. 987 OFF",3,0,0
"Rs. 121 OFF",2,4.25,961
"Rs. 1412 OFF",2,4.1,590
"Rs. 104 OFF",2,4.15,860
"Rs. 1482 OFF",2,4.5,479
"Rs. 1490 OFF",2,4.4,502
"Rs. 968 OFF",2,3.85,490
"Rs. 163 OFF",2,4.3,581
"Rs. 1505 OFF",2,3.55,255
"Rs. 61 OFF",2,4.5,242
"Rs. 738 OFF",2,4.15,335
"Rs. 137 OFF",2,4.3,243
"Rs. 223 OFF",2,4.3,340
"Rs. 941 OFF",2,4.4,318
"Rs. 125 OFF",2,4.05,159
"Rs. 63 OFF",2,4.2,174
"Rs. 1498 OFF",2,4.2,251
"Rs. 1544 OFF",2,2.05,128
"Rs. 367 OFF",2,4.25,231
"Rs. 1133 OFF",2,2.2,102
"Rs. 808 OFF",2,4.05,140
"Rs. 1330 OFF",2,2,95
"Rs. 1035 OFF",2,2.05,68
"Rs. 1248 OFF",2,1.7,64
"Rs. 955 OFF",2,4.45,98
"Rs. 1246 OFF",2,1.85,62
"Rs. 795 OFF",2,3.75,107
"Rs. 1160 OFF",2,2,47
"Rs. 4599 OFF",2,3.2,52
"Rs. 1601 OFF",2,2.05,44
"Rs. 935 OFF",2,4.2,59
"Rs. 1051 OFF",2,3.9,51
"Rs. 2134 OFF",2,2,40
"Rs. 2075 OFF",2,4.1,56
"Rs. 210 OFF",2,2.05,34
"Rs. 313 OFF",2,2.3,33
"Rs. 1109 OFF",2,2.05,33
"Rs. 1631 OFF",2,1.9,30
"Rs. 1213 OFF",2,4,51
"Rs. 248 OFF",2,2.15,28
"Rs. 141 OFF",2,4.25,44
"Rs. 7800 OFF",2,3.75,56
"Rs. 2093 OFF",2,2.1,27
"Rs. 182 OFF",2,4.1,38
"Rs. 256 OFF",2,4.2,39
"Rs. 3151 OFF",2,3.95,30
"Rs. 1093 OFF",2,2,26
"Rs. 1354 OFF",2,4,49
"Rs. 233 OFF",2,3.45,33
"Rs. 289 OFF",2,2.2,21
"Rs. 159 OFF",2,2.15,21
"Rs. 1016 OFF",2,2.3,20
"Rs. 790 OFF",2,3.75,20
"Rs. 1620 OFF",2,2.1,20
"Rs. 971 OFF",2,4.25,25
"Rs. 590 OFF",2,4.5,26
"Rs. 129 OFF",2,4.2,23
"Rs. 7801 OFF",2,2.15,16
"Rs. 2119 OFF",2,2.3,16
"Rs. 2663 OFF",2,2.05,15
"Rs. 1025 OFF",2,3.5,28
"Rs. 466 OFF",2,4.3,22
"Rs. 1967 OFF",2,2.65,19
"Rs. 2083 OFF",2,2.25,14
"Rs. 374 OFF",2,4.3,14
"Rs. 1806 OFF",2,2.25,13
"Rs. 2025 OFF",2,4.65,19
"Rs. 1069 OFF",2,3.55,19
"Rs. 1760 OFF",2,2.4,13
"Rs. 1146 OFF",2,1.65,12
"Rs. 1793 OFF",2,2,12
"Rs. 1180 OFF",2,4.25,19
"Rs. 1452 OFF",2,2.2,12
"Rs. 1610 OFF",2,2.15,12
"Rs. 238 OFF",2,2.3,11
"Rs. 449 OFF",2,1.9,11
"Rs. 561 OFF",2,4.4,13
"Rs. 3470 OFF",2,4.15,18
"Rs. 302 OFF",2,4.7,15
"Rs. 292 OFF",2,2.15,10
"Rs. 1476 OFF",2,2.4,10
"Rs. 1140 OFF",2,1.65,10
"Rs. 703 OFF",2,1.7,10
"Rs. 1815 OFF",2,2.15,10
"Rs. 1805 OFF",2,3.65,16
"Rs. 665 OFF",2,2.35,9
"Rs. 595 OFF",2,1.85,9
"Rs. 1628 OFF",2,2.5,8
"Rs. 916 OFF",2,1.95,8
"Rs. 598 OFF",2,2.3,8
"Rs. 1268 OFF",2,2.3,7
"Rs. 3530 OFF",2,2,6
"Rs. 1105 OFF",2,2.15,6
"Rs. 893 OFF",2,1.65,6
"Rs. 2280 OFF",2,1.9,6
"Rs. 1461 OFF",2,1.4,6
"Rs. 456 OFF",2,1.9,6
"Rs. 84 OFF",2,2.4,6
"Rs. 2055 OFF",2,3.8,11
"Rs. 1113 OFF",2,4.6,9
"Rs. 523 OFF",2,2.2,5
"Rs. 1845 OFF",2,3.95,9
"Rs. 11375 OFF",2,1.6,5
"Rs. 3451 OFF",2,1.9,5
"Rs. 190 OFF",2,4.5,10
"Rs. 9200 OFF",2,2,4
"Rs. 594 OFF",2,2.5,4
"Rs. 1794 OFF",2,1.65,3
"Rs. 275 OFF",2,1.85,3
"Rs. 8300 OFF",2,1.85,3
"Rs. 2830 OFF",2,2.5,3
"Rs. 1693 OFF",2,2.5,2
"Rs. 851 OFF",2,2.5,2
"Rs. 181 OFF",2,2.15,0
"Rs. 1336 OFF",2,4.1,0
"Rs. 848 OFF",2,0,0
"Rs. 1785 OFF",2,0,0
"Rs. 1614 OFF",2,0,0
"Rs. 1533 OFF",2,0,0
"Rs. 1285 OFF",2,0,0
"Rs. 1395 OFF",2,0,0
"Rs. 335 OFF",2,0,0
"Rs. 1343 OFF",2,0,0
"Rs. 20100 OFF",2,0,0
"Rs. 373 OFF",2,0,0
"Rs. 164 OFF",2,0,0
"Rs. 70 OFF",2,0,0
"Rs. 505 OFF",2,0,0
"Rs. 448 OFF",2,0,0
"Rs. 940 OFF",2,0,0
"Rs. 1238 OFF",2,0,0
"Rs. 1351 OFF",2,0,0
"Rs. 1419 OFF",2,0,0
"Rs. 1243 OFF",2,0,0
"Rs. 1561 OFF",2,0,0
"Rs. 1534 OFF",2,0,0
"Rs. 1441 OFF",2,0,0
"Rs. 1930 OFF",2,0,0
"Rs. 2019 OFF",2,0,0
"Rs. 3120 OFF",2,0,0
"Rs. 3920 OFF",2,0,0
"Rs. 5710 OFF",2,0,0
"Rs. 9501 OFF",2,0,0
"Rs. 4750 OFF",2,0,0
"Rs. 13000 OFF",2,0,0
"Rs. 920 OFF",2,0,0
"Rs. 13447 OFF",2,0,0
"Rs. 14100 OFF",2,0,0
"Rs. 14230 OFF",2,0,0
"Rs. 12925 OFF",2,0,0
"Rs. 1454 OFF",2,0,0
"Rs. 15001 OFF",2,0,0
"Rs. 1660 OFF",2,0,0
"Rs. 1749 OFF",2,0,0
"Rs. 20300 OFF",2,0,0
"Rs. 1470 OFF",2,0,0
"Rs. 1014 OFF",2,0,0
"Rs. 1810 OFF",2,0,0
"Rs. 1449 OFF",2,0,0
"Rs. 26496 OFF",2,0,0
"Rs. 2475 OFF",2,0,0
"Rs. 1820 OFF",2,0,0
"Rs. 2720 OFF",2,0,0
"Rs. 2716 OFF",2,0,0
"Rs. 2460 OFF",2,0,0
"Rs. 2199 OFF",2,0,0
"Rs. 2009 OFF",2,0,0
"Rs. 2360 OFF",2,0,0
"Rs. 3249 OFF",2,0,0
"Rs. 3359 OFF",2,0,0
"Rs. 3499 OFF",2,0,0
"Rs. 4696 OFF",2,0,0
"Rs. 4299 OFF",2,0,0
"Rs. 4746 OFF",2,0,0
"Rs. 4251 OFF",2,0,0
"Rs. 6940 OFF",2,0,0
"Rs. 4301 OFF",2,0,0
"Rs. 4620 OFF",2,0,0
"Rs. 4810 OFF",2,0,0
"Rs. 7996 OFF",2,0,0
"Rs. 421 OFF",2,0,0
"Rs. 659 OFF",2,0,0
"Rs. 914 OFF",2,0,0
"Rs. 1721 OFF",2,0,0
"Rs. 2551 OFF",2,0,0
"Rs. 360 OFF",2,0,0
"Rs. 596 OFF",2,0,0
"Rs. 388 OFF",2,0,0
"Rs. 469 OFF",2,0,0
"Rs. 402 OFF",2,0,0
"Rs. 675 OFF",2,0,0
"Rs. 824 OFF",2,0,0
"Rs. 974 OFF",2,0,0
"Rs. 964 OFF",2,0,0
"Rs. 759 OFF",2,0,0
"Rs. 767 OFF",2,0,0
"Rs. 1375 OFF",2,0,0
"Rs. 1245 OFF",2,0,0
"Rs. 1559 OFF",2,0,0
"Rs. 2130 OFF",2,0,0
"Rs. 1047 OFF",2,0,0
"Rs. 3030 OFF",2,0,0
"Rs. 3980 OFF",2,0,0
"Rs. 4110 OFF",2,0,0
"Rs. 4260 OFF",2,0,0
"Rs. 3440 OFF",2,0,0
"Rs. 3640 OFF",2,0,0
"Rs. 1456 OFF",1,3.6,908
"Rs. 38 OFF",1,4.4,892
"Rs. 2216 OFF",1,4.3,842
"Rs. 1215 OFF",1,4.3,711
"Rs. 15 OFF",1,4.3,585
"Rs. 1013 OFF",1,3.7,545
"Rs. 183 OFF",1,4,522
"Rs. 1108 OFF",1,3.8,427
"Rs. 1751 OFF",1,4,296
"Rs. 2038 OFF",1,4,271
"Rs. 46 OFF",1,4.6,238
"Rs. 1163 OFF",1,4.5,196
"Rs. 1518 OFF",1,4.3,188
"Rs. 1656 OFF",1,4.2,166
"Rs. 1943 OFF",1,4,162
"Rs. 3751 OFF",1,4.2,137
"Rs. 491 OFF",1,4.4,133
"Rs. 1958 OFF",1,4.1,129
"Rs. 925 OFF",1,3.8,126
"Rs. 2184 OFF",1,4.1,122
"Rs. 764 OFF",1,4.2,108
"Rs. 1796 OFF",1,4.3,108
"Rs. 543 OFF",1,3.6,103
"Rs. 643 OFF",1,4,98
"Rs. 267 OFF",1,3.8,92
"Rs. 1439 OFF",1,4.2,83
"Rs. 866 OFF",1,4.3,81
"Rs. 1595 OFF",1,3,80
"Rs. 793 OFF",1,4.2,78
"Rs. 991 OFF",1,3.9,76
"Rs. 2876 OFF",1,4.1,65
"Rs. 686 OFF",1,3.5,62
"Rs. 172 OFF",1,4.3,59
"Rs. 1733 OFF",1,3.9,56
"Rs. 723 OFF",1,4.1,55
"Rs. 1851 OFF",1,4.1,55
"Rs. 1585 OFF",1,4.2,54
"Rs. 10500 OFF",1,4.5,53
"Rs. 1367 OFF",1,4.1,53
"Rs. 2386 OFF",1,4,47
"Rs. 2251 OFF",1,4.4,43
"Rs. 435 OFF",1,4.3,40
"Rs. 1618 OFF",1,4.1,40
"Rs. 218 OFF",1,3.5,37
"Rs. 3186 OFF",1,4,37
"Rs. 332 OFF",1,4.7,36
"Rs. 294 OFF",1,4.4,35
"Rs. 463 OFF",1,4.2,34
"Rs. 1261 OFF",1,4,34
"Rs. 1271 OFF",1,4.1,32
"Rs. 1891 OFF",1,4.4,29
"Rs. 1076 OFF",1,4.3,29
"Rs. 145 OFF",1,4.3,29
"Rs. 3196 OFF",1,4.2,27
"Rs. 1603 OFF",1,4.2,26
"Rs. 8396 OFF",1,4,26
"Rs. 162 OFF",1,4.1,25
"Rs. 2802 OFF",1,4.2,25
"Rs. 1101 OFF",1,4,25
"Rs. 809 OFF",1,3.9,24
"Rs. 1676 OFF",1,3,24
"Rs. 124 OFF",1,4.5,23
"Rs. 2499 OFF",1,4,23
"Rs. 565 OFF",1,4.1,23
"Rs. 77 OFF",1,4.4,22
"Rs. 2621 OFF",1,4,20
"Rs. 508 OFF",1,3.1,19
"Rs. 2642 OFF",1,3.1,19
"Rs. 605 OFF",1,4.3,18
"Rs. 15696 OFF",1,3.2,18
"Rs. 1363 OFF",1,4.2,17
"Rs. 2190 OFF",1,3.8,17
"Rs. 1746 OFF",1,3.4,16
"Rs. 1024 OFF",1,3.7,15
"Rs. 2709 OFF",1,4.1,15
"Rs. 2336 OFF",1,4,15
"Rs. 6996 OFF",1,3.7,15
"Rs. 526 OFF",1,4.3,15
"Rs. 407 OFF",1,4.3,14
"Rs. 1483 OFF",1,3.6,13
"Rs. 706 OFF",1,4.5,13
"Rs. 3160 OFF",1,4.5,13
"Rs. 221 OFF",1,4.5,13
"Rs. 2120 OFF",1,4.3,13
"Rs. 7200 OFF",1,4.5,12
"Rs. 2490 OFF",1,3,12
"Rs. 1754 OFF",1,2.8,12
"Rs. 166 OFF",1,4.5,11
"Rs. 972 OFF",1,4.7,11
"Rs. 1057 OFF",1,3.6,11
"Rs. 1370 OFF",1,3.9,10
"Rs. 845 OFF",1,3.9,10
"Rs. 5001 OFF",1,4.3,10
"Rs. 922 OFF",1,3.9,10
"Rs. 485 OFF",1,3.8,10
"Rs. 558 OFF",1,4.5,10
"Rs. 1210 OFF",1,3.3,10
"Rs. 1719 OFF",1,4.4,10
"Rs. 88 OFF",1,4,10
"Rs. 1058 OFF",1,4.8,9
"Rs. 1333 OFF",1,4.6,9
"Rs. 5650 OFF",1,4.1,9
"Rs. 711 OFF",1,4.6,9
"Rs. 909 OFF",1,3.2,9
"Rs. 5251 OFF",1,4.1,9
"Rs. 1678 OFF",1,4.6,9
"Rs. 1630 OFF",1,3.9,9
"Rs. 3250 OFF",1,4.7,9
"Rs. 205 OFF",1,4.2,9
"Rs. 348 OFF",1,4.1,8
"Rs. 409 OFF",1,4.9,8
"Rs. 768 OFF",1,4.8,8
"Rs. 1513 OFF",1,3.1,8
"Rs. 1780 OFF",1,4.3,8
"Rs. 7570 OFF",1,4.1,8
"Rs. 628 OFF",1,3.8,8
"Rs. 19696 OFF",1,2.8,8
"Rs. 1468 OFF",1,4.9,8
"Rs. 1 OFF",1,3.5,8
"Rs. 1859 OFF",1,3.3,8
"Rs. 1435 OFF",1,5,7
"Rs. 635 OFF",1,4.1,7
"Rs. 512 OFF",1,4.1,7
"Rs. 311 OFF",1,4.3,7
"Rs. 843 OFF",1,4.3,7
"Rs. 1633 OFF",1,3.3,7
"Rs. 3840 OFF",1,4.3,7
"Rs. 459 OFF",1,3.9,7
"Rs. 1034 OFF",1,3.1,7
"Rs. 1410 OFF",1,2.7,7
"Rs. 1360 OFF",1,4.7,7
"Rs. 253 OFF",1,4.2,6
"Rs. 2086 OFF",1,3.8,6
"Rs. 2290 OFF",1,4.7,6
"Rs. 1951 OFF",1,3.3,6
"Rs. 2051 OFF",1,4,6
"Rs. 2723 OFF",1,4.5,6
"Rs. 2901 OFF",1,4.3,6
"Rs. 2999 OFF",1,5,6
"Rs. 3245 OFF",1,4.8,6
"Rs. 4400 OFF",1,4,6
"Rs. 299 OFF",1,4.8,6
"Rs. 1043 OFF",1,4,5
"Rs. 1487 OFF",1,4.2,5
"Rs. 135 OFF",1,4.4,5
"Rs. 853 OFF",1,4.6,5
"Rs. 1187 OFF",1,4.6,5
"Rs. 2070 OFF",1,4.6,5
"Rs. 408 OFF",1,4.6,5
"Rs. 5560 OFF",1,4.6,5
"Rs. 16996 OFF",1,4,5
"Rs. 1629 OFF",1,4,5
"Rs. 2439 OFF",1,3.6,5
"Rs. 7201 OFF",1,1.8,5
"Rs. 1342 OFF",1,4.8,5
"Rs. 68 OFF",1,4.8,5
"Rs. 818 OFF",1,4.2,5
"Rs. 528 OFF",1,4.6,5
"Rs. 214 OFF",1,3.8,4
"Rs. 2301 OFF",1,3.5,4
"Rs. 3334 OFF",1,3.5,4
"Rs. 6470 OFF",1,3,4
"Rs. 3740 OFF",1,3.8,4
"Rs. 285 OFF",1,4.8,4
"Rs. 473 OFF",1,3.3,3
"Rs. 1254 OFF",1,4.7,3
"Rs. 2030 OFF",1,4.3,3
"Rs. 2745 OFF",1,2.3,3
"Rs. 3001 OFF",1,3.7,3
"Rs. 5946 OFF",1,4.5,2
"Rs. 7750 OFF",1,4,2
"Rs. 5520 OFF",1,4.5,2
"Rs. 1396 OFF",1,3,2
"Rs. 1224 OFF",1,2.5,2
"Rs. 2520 OFF",1,3.5,2
"Rs. 1028 OFF",1,4.2,0
"Rs. 2178 OFF",1,3.7,0
"Rs. 2799 OFF",1,4.2,0
"Rs. 2899 OFF",1,4,0
"Rs. 539 OFF",1,4.3,0
"Rs. 1361 OFF",1,0,0
"Rs. 1574 OFF",1,0,0
"Rs. 1426 OFF",1,0,0
"Rs. 1495 OFF",1,0,0
"Rs. 1573 OFF",1,0,0
"Rs. 1198 OFF",1,0,0
"Rs. 988 OFF",1,0,0
"Rs. 1114 OFF",1,0,0
"Rs. 1103 OFF",1,0,0
"Rs. 1153 OFF",1,0,0
"Rs. 1126 OFF",1,0,0
"Rs. 1106 OFF",1,0,0
"Rs. 1073 OFF",1,0,0
"Rs. 1174 OFF",1,0,0
"Rs. 1145 OFF",1,0,0
"Rs. 488 OFF",1,0,0
"Rs. 245 OFF",1,0,0
"Rs. 817 OFF",1,0,0
"Rs. 1239 OFF",1,0,0
"Rs. 1195 OFF",1,0,0
"Rs. 1481 OFF",1,0,0
"Rs. 1736 OFF",1,0,0
"Rs. 1901 OFF",1,0,0
"Rs. 21100 OFF",1,0,0
"Rs. 20000 OFF",1,0,0
"Rs. 14000 OFF",1,0,0
"Rs. 16000 OFF",1,0,0
"Rs. 16100 OFF",1,0,0
"Rs. 15000 OFF",1,0,0
"Rs. 17000 OFF",1,0,0
"Rs. 19100 OFF",1,0,0
"Rs. 3570 OFF",1,0,0
"Rs. 484 OFF",1,0,0
"Rs. 117 OFF",1,0,0
"Rs. 316 OFF",1,0,0
"Rs. 395 OFF",1,0,0
"Rs. 426 OFF",1,0,0
"Rs. 386 OFF",1,0,0
"Rs. 97 OFF",1,0,0
"Rs. 2291 OFF",1,0,0
"Rs. 59 OFF",1,0,0
"Rs. 1931 OFF",1,0,0
"Rs. 461 OFF",1,0,0
"Rs. 1840 OFF",1,0,0
"Rs. 1885 OFF",1,0,0
"Rs. 1663 OFF",1,0,0
"Rs. 1275 OFF",1,0,0
"Rs. 209 OFF",1,0,0
"Rs. 215 OFF",1,0,0
"Rs. 179 OFF",1,0,0
"Rs. 804 OFF",1,0,0
"Rs. 1116 OFF",1,0,0
"Rs. 1090 OFF",1,0,0
"Rs. 1178 OFF",1,0,0
"Rs. 1190 OFF",1,0,0
"Rs. 1231 OFF",1,0,0
"Rs. 1463 OFF",1,0,0
"Rs. 1284 OFF",1,0,0
"Rs. 1390 OFF",1,0,0
"Rs. 1148 OFF",1,0,0
"Rs. 1489 OFF",1,0,0
"Rs. 1394 OFF",1,0,0
"Rs. 1287 OFF",1,0,0
"Rs. 1475 OFF",1,0,0
"Rs. 1502 OFF",1,0,0
"Rs. 1548 OFF",1,0,0
"Rs. 1328 OFF",1,0,0
"Rs. 1613 OFF",1,0,0
"Rs. 3220 OFF",1,0,0
"Rs. 5005 OFF",1,0,0
"Rs. 8591 OFF",1,0,0
"Rs. 4332 OFF",1,0,0
"Rs. 7401 OFF",1,0,0
"Rs. 7100 OFF",1,0,0
"Rs. 775 OFF",1,0,0
"Rs. 10691 OFF",1,0,0
"Rs. 8601 OFF",1,0,0
"Rs. 7901 OFF",1,0,0
"Rs. 7251 OFF",1,0,0
"Rs. 1023 OFF",1,0,0
"Rs. 1048 OFF",1,0,0
"Rs. 12896 OFF",1,0,0
"Rs. 9925 OFF",1,0,0
"Rs. 8780 OFF",1,0,0
"Rs. 10001 OFF",1,0,0
"Rs. 13500 OFF",1,0,0
"Rs. 13230 OFF",1,0,0
"Rs. 12867 OFF",1,0,0
"Rs. 13737 OFF",1,0,0
"Rs. 13592 OFF",1,0,0
"Rs. 12940 OFF",1,0,0
"Rs. 11001 OFF",1,0,0
"Rs. 1040 OFF",1,0,0
"Rs. 14737 OFF",1,0,0
"Rs. 14665 OFF",1,0,0
"Rs. 13795 OFF",1,0,0
"Rs. 14882 OFF",1,0,0
"Rs. 14520 OFF",1,0,0
"Rs. 13940 OFF",1,0,0
"Rs. 7850 OFF",1,0,0
"Rs. 1218 OFF",1,0,0
"Rs. 1240 OFF",1,0,0
"Rs. 1469 OFF",1,0,0
"Rs. 18500 OFF",1,0,0
"Rs. 15160 OFF",1,0,0
"Rs. 13001 OFF",1,0,0
"Rs. 14600 OFF",1,0,0
"Rs. 1551 OFF",1,0,0
"Rs. 20206 OFF",1,0,0
"Rs. 1836 OFF",1,0,0
"Rs. 11300 OFF",1,0,0
"Rs. 10600 OFF",1,0,0
"Rs. 1880 OFF",1,0,0
"Rs. 1887 OFF",1,0,0
"Rs. 2346 OFF",1,0,0
"Rs. 1809 OFF",1,0,0
"Rs. 2131 OFF",1,0,0
"Rs. 2041 OFF",1,0,0
"Rs. 2696 OFF",1,0,0
"Rs. 2615 OFF",1,0,0
"Rs. 2718 OFF",1,0,0
"Rs. 2730 OFF",1,0,0
"Rs. 2181 OFF",1,0,0
"Rs. 2896 OFF",1,0,0
"Rs. 2828 OFF",1,0,0
"Rs. 3005 OFF",1,0,0
"Rs. 2069 OFF",1,0,0
"Rs. 3501 OFF",1,0,0
"Rs. 2930 OFF",1,0,0
"Rs. 3791 OFF",1,0,0
"Rs. 36001 OFF",1,0,0
"Rs. 2440 OFF",1,0,0
"Rs. 3668 OFF",1,0,0
"Rs. 3868 OFF",1,0,0
"Rs. 4091 OFF",1,0,0
"Rs. 3351 OFF",1,0,0
"Rs. 3801 OFF",1,0,0
"Rs. 4149 OFF",1,0,0
"Rs. 4475 OFF",1,0,0
"Rs. 4668 OFF",1,0,0
"Rs. 4150 OFF",1,0,0
"Rs. 4050 OFF",1,0,0
"Rs. 4401 OFF",1,0,0
"Rs. 3094 OFF",1,0,0
"Rs. 4310 OFF",1,0,0
"Rs. 4550 OFF",1,0,0
"Rs. 3425 OFF",1,0,0
"Rs. 5700 OFF",1,0,0
"Rs. 4999 OFF",1,0,0
"Rs. 5930 OFF",1,0,0
"Rs. 3541 OFF",1,0,0
"Rs. 6600 OFF",1,0,0
"Rs. 6500 OFF",1,0,0
"Rs. 6796 OFF",1,0,0
"Rs. 7000 OFF",1,0,0
"Rs. 4540 OFF",1,0,0
"Rs. 6390 OFF",1,0,0
"Rs. 7796 OFF",1,0,0
"Rs. 538 OFF",1,0,0
"Rs. 691 OFF",1,0,0
"Rs. 973 OFF",1,0,0
"Rs. 946 OFF",1,0,0
"Rs. 1709 OFF",1,0,0
"Rs. 1359 OFF",1,0,0
"Rs. 1338 OFF",1,0,0
"Rs. 1713 OFF",1,0,0
"Rs. 1821 OFF",1,0,0
"Rs. 2061 OFF",1,0,0
"Rs. 298 OFF",1,0,0
"Rs. 413 OFF",1,0,0
"Rs. 371 OFF",1,0,0
"Rs. 513 OFF",1,0,0
"Rs. 781 OFF",1,0,0
"Rs. 1221 OFF",1,0,0
"Rs. 1321 OFF",1,0,0
"Rs. 96 OFF",1,0,0
"Rs. 1777 OFF",1,0,0
"Rs. 2401 OFF",1,0,0
"Rs. 2641 OFF",1,0,0
"Rs. 2397 OFF",1,0,0
"Rs. 1596 OFF",1,0,0
"Rs. 2877 OFF",1,0,0
"Rs. 1474 OFF",1,0,0
"Rs. 65 OFF",1,0,0
"Rs. 593 OFF",1,0,0
"Rs. 734 OFF",1,0,0
"Rs. 648 OFF",1,0,0
"Rs. 875 OFF",1,0,0
"Rs. 7300 OFF",1,0,0
"Rs. 624 OFF",1,0,0
"Rs. 854 OFF",1,0,0
"Rs. 638 OFF",1,0,0
"Rs. 584 OFF",1,0,0
"Rs. 705 OFF",1,0,0
"Rs. 718 OFF",1,0,0
"Rs. 154 OFF",1,0,0
"Rs. 839 OFF",1,0,0
"Rs. 868 OFF",1,0,0
"Rs. 815 OFF",1,0,0
"Rs. 1282 OFF",1,0,0
"Rs. 1274 OFF",1,0,0
"Rs. 1308 OFF",1,0,0
"Rs. 1204 OFF",1,0,0
"Rs. 1429 OFF",1,0,0
"Rs. 1460 OFF",1,0,0
"Rs. 931 OFF",1,0,0
"Rs. 890 OFF",1,0,0
"Rs. 1313 OFF",1,0,0
"Rs. 1525 OFF",1,0,0
"Rs. 1259 OFF",1,0,0
"Rs. 1954 OFF",1,0,0
"Rs. 1867 OFF",1,0,0
"Rs. 1915 OFF",1,0,0
"Rs. 2015 OFF",1,0,0
"Rs. 1170 OFF",1,0,0
"Rs. 1899 OFF",1,0,0
"Rs. 1445 OFF",1,0,0
"Rs. 2480 OFF",1,0,0
"Rs. 2359 OFF",1,0,0
"Rs. 2599 OFF",1,0,0
"Rs. 2390 OFF",1,0,0
"Rs. 2470 OFF",1,0,0
"Rs. 2570 OFF",1,0,0
"Rs. 2620 OFF",1,0,0
"Rs. 2370 OFF",1,0,0
"Rs. 2451 OFF",1,0,0
"Rs. 2701 OFF",1,0,0
"Rs. 3150 OFF",1,0,0
"Rs. 3270 OFF",1,0,0
"Rs. 3190 OFF",1,0,0
"Rs. 3390 OFF",1,0,0
"Rs. 3340 OFF",1,0,0
"Rs. 3620 OFF",1,0,0
"Rs. 3540 OFF",1,0,0
"Rs. 4220 OFF",1,0,0
"Rs. 4130 OFF",1,0,0
"Rs. 344 OFF",1,0,0
"Rs. 109 OFF",1,0,0
"Rs. 4770 OFF",1,0,0
"Rs. 368 OFF",1,0,0
"Rs. 334 OFF",1,0,0
"Rs. 375 OFF",1,0,0
"Rs. 283 OFF",1,0,0
